Submission_id,Participant_id,Status,Custom study tncs accepted at,Started_time,Completed_time,Reviewed_time,Archieve_time,Time_taken,Custom_id_prolific,Total_Prolific_approvals,Age,Sex,Ethnicity ,Birth_country,Residency_country,Nationality,Language,Student_status,Employment_status 
6627d5291046a8ea6c35cf59,5eba829dede045022d3b4fa1,APPROVED,Not Applicable,2024-04-23T15:35:12.132000Z,2024-04-23T15:36:02.148000Z,2024-04-23T16:11:28.952000Z,2024-04-23T15:36:02.525572Z,51,1,204,27,Male,White,Spain,Spain,Spain,Spanish,DATA_EXPIRED,DATA_EXPIRED
6627d534e10a99b723e7bac6,60784313b07c7303c87b1a22,APPROVED,Not Applicable,2024-04-23T15:35:16.013000Z,2024-04-23T15:36:23.114000Z,2024-04-23T16:11:32.697000Z,2024-04-23T15:36:23.640226Z,68,2,373,32,Male,White,Greece,Greece,Greece,Greek,DATA_EXPIRED,DATA_EXPIRED
6627d530da2eda7eb1adc44e,5e55be4de8fabb5c5550d54f,APPROVED,Not Applicable,2024-04-23T15:35:16.895000Z,2024-04-23T15:36:44.115000Z,2024-04-23T16:12:57.762000Z,2024-04-23T15:36:44.594485Z,88,3,479,27,DATA_EXPIRED,DATA_EXPIRED,DATA_EXPIRED,Poland,DATA_EXPIRED,DATA_EXPIRED,DATA_EXPIRED,DATA_EXPIRED
6627d53482fffcf9150181de,5e82537a0bf5f30abb81528a,APPROVED,Not Applicable,2024-04-23T15:35:22.230000Z,2024-04-23T15:36:32.418000Z,2024-04-23T16:13:00.044000Z,2024-04-23T15:36:32.927338Z,71,4,283,24,Female,White,Italy,Italy,Italy,Italian,Yes,Part-Time
6627d53e3b38f4685e85da9c,5f2a6a7726309f26ba44e7a2,APPROVED,Not Applicable,2024-04-23T15:35:30.694000Z,2024-04-23T15:37:13.532000Z,2024-04-23T16:13:00.752000Z,2024-04-23T15:37:14.203759Z,103,5,39,29,DATA_EXPIRED,DATA_EXPIRED,DATA_EXPIRED,Poland,DATA_EXPIRED,DATA_EXPIRED,DATA_EXPIRED,DATA_EXPIRED
6627d53f0fdec0d5c75002e8,610306546b1956445387be5f,APPROVED,Not Applicable,2024-04-23T15:35:31.474000Z,2024-04-23T15:36:37.869000Z,2024-04-23T16:13:01.767000Z,2024-04-23T15:36:38.679657Z,67,6,766,22,Female,White,Canada,Canada,Canada,English,Yes,Full-Time
6627d545066055f2ca5282e0,60b60515dc81e3c6a1155c6e,APPROVED,Not Applicable,2024-04-23T15:35:37.173000Z,2024-04-23T15:36:49.557000Z,2024-04-23T16:13:02.856000Z,2024-04-23T15:36:50.363094Z,73,7,439,22,Female,White,Poland,Poland,Poland,Polish,Yes,Part-Time
6627d542b2097dbcd82e7fa7,61524bbc25d763f05d100f98,APPROVED,Not Applicable,2024-04-23T15:35:37.399000Z,2024-04-23T15:37:14.124000Z,2024-04-23T16:13:03.624000Z,2024-04-23T15:37:14.925578Z,97,101,251,28,Male,White,Italy,Italy,Italy,Italian,DATA_EXPIRED,DATA_EXPIRED
6627d546678e05f825126a89,5bfecff80ef0390001387cc2,APPROVED,Not Applicable,2024-04-23T15:35:37.582000Z,2024-04-23T15:36:53.720000Z,2024-04-23T16:13:04.714000Z,2024-04-23T15:36:54.469160Z,77,8,585,37,Female,Mixed,Mexico,Mexico,Mexico,DATA_EXPIRED,DATA_EXPIRED,DATA_EXPIRED
6627d548c24be447de645ab8,6048b828c0988bd2dc72944a,APPROVED,Not Applicable,2024-04-23T15:35:50.268000Z,2024-04-23T15:37:16.661000Z,2024-04-23T16:13:05.434000Z,2024-04-23T15:37:17.131953Z,87,9,217,21,Male,White,Poland,Poland,Poland,Polish,DATA_EXPIRED,Unemployed (and job seeking)
6627d5525b75796fe33ea9df,5f2ef7740f87702b99055397,APPROVED,Not Applicable,2024-04-23T15:35:51.520000Z,2024-04-23T15:38:25.031000Z,2024-04-23T16:13:06.956000Z,2024-04-23T15:38:25.478627Z,154,10,207,26,Female,Mixed,Mexico,Mexico,Mexico,Spanish,No,Full-Time
6627d55675acd98873947fb5,5d00e9e28a840b00155c2006,APPROVED,Not Applicable,2024-04-23T15:35:54.252000Z,2024-04-23T15:36:38.033000Z,2024-04-23T16:13:30.540000Z,2024-04-23T15:36:38.573630Z,44,11,318,26,Male,White,Spain,Spain,Spain,Spanish,No,Full-Time
6627d55d5339117911a78461,5ebbf33eeee8df01e5466614,APPROVED,Not Applicable,2024-04-23T15:36:04.236000Z,2024-04-23T15:37:04.011000Z,2024-04-23T16:13:08.106000Z,2024-04-23T15:37:04.437152Z,60,12,233,28,Male,White,Italy,Italy,Italy,Italian,Yes,Other
6627d55a9265aeef4797c687,6106c279c9009ccebe7284c4,APPROVED,Not Applicable,2024-04-23T15:36:07.470000Z,2024-04-23T15:36:33.266000Z,2024-04-23T16:13:10.216000Z,2024-04-23T15:36:33.780420Z,26,16,437,24,Female,White,Poland,Poland,Poland,Polish,No,Unemployed (and job seeking)
6627d560024036002f2e7975,6174220dff877859159ed37c,APPROVED,Not Applicable,2024-04-23T15:36:08.977000Z,2024-04-23T15:38:11.162000Z,2024-04-23T16:13:14.745000Z,2024-04-23T15:38:11.643955Z,123,14,290,35,Male,Other,South Africa,South Africa,South Africa,English,DATA_EXPIRED,DATA_EXPIRED
6627d565d917151ef85ccf73,65a25eb63de607c647878d6e,APPROVED,Not Applicable,2024-04-23T15:36:10.952000Z,2024-04-23T15:37:01.386000Z,2024-04-23T16:13:13.360000Z,2024-04-23T15:37:01.875382Z,51,17,52,20,Prefer not to say,White,Poland,Poland,Poland,Other,Yes,Part-Time
6627d5696975d459886ebc31,5c2cdd5a5005b60001acf35a,APPROVED,Not Applicable,2024-04-23T15:36:12.417000Z,2024-04-23T15:41:02.101000Z,2024-04-23T16:13:11.332000Z,2024-04-23T15:41:02.695842Z,290,18,324,24,Male,White,Poland,Poland,Poland,Polish,DATA_EXPIRED,DATA_EXPIRED
6627d563384539780c5b6303,613feccfdd20f3529cc22bf3,APPROVED,Not Applicable,2024-04-23T15:36:15.964000Z,2024-04-23T15:38:11.314000Z,2024-04-23T16:13:12.212000Z,2024-04-23T15:38:12.162126Z,116,15,117,38,Male,Mixed,Mexico,Mexico,Mexico,Spanish,No,Unemployed (and job seeking)
6627d571bda84ff4a85282f5,5e024357acd5cedc9da23c77,APPROVED,Not Applicable,2024-04-23T15:36:17.721000Z,2024-04-23T15:37:45.530000Z,2024-04-23T16:13:14.326000Z,2024-04-23T15:37:45.979190Z,88,19,246,35,Male,White,Greece,Greece,Greece,Greek,No,Full-Time
6627d573dc2aca89858c0ae9,5c3885dcf5ebd5000184defb,APPROVED,Not Applicable,2024-04-23T15:36:23.602000Z,2024-04-23T15:37:04.439000Z,2024-04-23T16:13:15.462000Z,2024-04-23T15:37:04.925703Z,41,20,565,32,Male,White,Greece,Greece,Greece,Greek,Yes,Full-Time
6627d5788d33a0f84c9b893e,5dc2c4b8e95f941e092f99ff,APPROVED,Not Applicable,2024-04-23T15:36:24.120000Z,2024-04-23T15:38:02.757000Z,2024-04-23T16:13:32.832000Z,2024-04-23T15:38:03.422253Z,99,21,330,40,Male,White,Greece,Greece,Greece,Greek,No,Unemployed (and job seeking)
6627d5767d1b37fabc738780,5e92f375c570bc00080b2a79,APPROVED,Not Applicable,2024-04-23T15:36:26.961000Z,2024-04-23T15:36:59.990000Z,2024-04-23T16:13:15.937000Z,2024-04-23T15:37:00.486686Z,34,22,610,32,Male,White,Portugal,Ireland,Portugal,Portuguese,No,Full-Time
6627d56d565706c815126a8b,60b707ddafe3646199fcedae,APPROVED,Not Applicable,2024-04-23T15:36:27.153000Z,2024-04-23T15:38:27.153000Z,2024-04-23T16:13:17.039000Z,2024-04-23T15:38:27.671076Z,120,23,19,28,Female,Mixed,Mexico,Mexico,Mexico,Spanish,No,Full-Time
6627d573a155e9bcb9148147,60230fc6c505eb163dddda74,APPROVED,Not Applicable,2024-04-23T15:36:29.765000Z,2024-04-23T15:37:55.705000Z,2024-04-23T16:15:39.114000Z,2024-04-23T15:37:56.297625Z,86,24,445,22,Female,White,Portugal,Portugal,Portugal,Portuguese,Yes,Other
6627d58557b9371d99368df1,60fd7be50ef0ad8450c401bc,APPROVED,Not Applicable,2024-04-23T15:36:37.196000Z,2024-04-23T16:16:01.845000Z,2024-04-23T16:16:03.360000Z,,2365,26,310,25,Female,White,Portugal,Portugal,Portugal,Portuguese,Yes,Full-Time
6627d582a453dba2f68f9e28,65b26aa11104e48bc58a14d3,APPROVED,Not Applicable,2024-04-23T15:36:37.580000Z,2024-04-23T15:37:22.442000Z,2024-04-23T16:16:29.291000Z,2024-04-23T15:37:22.993600Z,45,27,50,37,Male,White,France,France,France,French,No,Other
6627d5871b149f810b36db08,613a80b807ce434753f76d77,APPROVED,Not Applicable,2024-04-23T15:36:44.431000Z,2024-04-23T15:37:29.428000Z,2024-04-23T16:13:34.381000Z,2024-04-23T15:37:29.845848Z,45,25,133,25,Female,Mixed,Mexico,Mexico,Mexico,Spanish,No,Full-Time
6627d590939ef524292cd144,608da08d499cff61f19393af,APPROVED,Not Applicable,2024-04-23T15:36:54.277000Z,2024-04-23T15:37:51.763000Z,2024-04-23T16:13:18.637000Z,2024-04-23T15:37:52.269707Z,58,13,152,30,Female,Asian,Singapore,Switzerland,Singapore,Chinese,DATA_EXPIRED,DATA_EXPIRED
6627d59982fffcf9150181f4,5cf7796a99ccba000193a8f1,APPROVED,Not Applicable,2024-04-23T15:36:57.018000Z,2024-04-23T15:38:10.282000Z,2024-04-23T16:14:27.900000Z,2024-04-23T15:38:10.856212Z,74,28,229,23,Male,White,Poland,Poland,Poland,Polish,Yes,Part-Time
6627d596c14595db49fa68ff,60b3ed804487f6424230554f,APPROVED,Not Applicable,2024-04-23T15:37:01.829000Z,2024-04-23T15:38:02.398000Z,2024-04-23T16:13:37.603000Z,2024-04-23T15:38:02.896774Z,61,44,569,24,Female,White,South Africa,Spain,United Kingdom,English,No,Part-Time
6627d583a0a0fbed60b6e214,5f999a96351f3b015adcb14a,APPROVED,Not Applicable,2024-04-23T15:37:02.204000Z,2024-04-23T15:37:57.128000Z,2024-04-23T16:13:38.599000Z,2024-04-23T15:37:57.699774Z,55,29,79,26,Male,White,Czech Republic,Czech Republic,Czech Republic,Czech,No,Full-Time
6627d59cbc02d244d3417d77,6159fb8a776f7c110a387bf1,APPROVED,Not Applicable,2024-04-23T15:37:06.985000Z,2024-04-23T15:38:31.203000Z,2024-04-23T16:13:40.569000Z,2024-04-23T15:38:31.699083Z,85,32,344,31,Male,Black,South Africa,South Africa,South Africa,English,Yes,Unemployed (and job seeking)
6627d5a689dc394fa6c28ea5,616952bcb1134defafc05124,APPROVED,Not Applicable,2024-04-23T15:37:10.113000Z,2024-04-23T15:38:49.432000Z,2024-04-23T16:13:39.728000Z,2024-04-23T15:38:49.889390Z,100,30,130,25,Female,White,Czech Republic,Czech Republic,Czech Republic,Czech,No,Full-Time
6627d5a88f4175bc4c148157,5addc71edee8590001b035e2,APPROVED,Not Applicable,2024-04-23T15:37:15.435000Z,2024-04-23T15:38:42.516000Z,2024-04-23T16:15:15.453000Z,2024-04-23T15:38:43.000898Z,88,31,431,46,Female,White,United Kingdom,United Kingdom,United Kingdom,English,No,Full-Time
6627d5a639e3693a83ff51ee,5ad999a9c0332a0001ec79d1,APPROVED,Not Applicable,2024-04-23T15:37:15.481000Z,2024-04-23T15:38:47.606000Z,2024-04-23T16:13:41.278000Z,2024-04-23T15:38:48.720947Z,93,37,1303,29,Female,White,United Kingdom,United Kingdom,United Kingdom,English,Yes,Full-Time
6627d5af9b8fbc0b628e3b3f,5c5862c74339fd0001a8a41a,APPROVED,Not Applicable,2024-04-23T15:37:19.304000Z,2024-04-23T15:39:05.623000Z,2024-04-23T16:13:41.876000Z,2024-04-23T15:39:06.189521Z,107,42,439,32,Male,Other,DATA_EXPIRED,DATA_EXPIRED,Mexico,English,DATA_EXPIRED,DATA_EXPIRED
6627d5b68f4175bc4c14815f,610b115d45797ba46b20aa4c,APPROVED,Not Applicable,2024-04-23T15:37:29.429000Z,2024-04-23T15:38:06.858000Z,2024-04-23T16:13:42.517000Z,2024-04-23T15:38:07.395978Z,38,33,1016,24,Male,White,United Kingdom,United Kingdom,United Kingdom,English,No,Part-Time
6627d5b1539487a7c8f8d0a3,60947c9e72b2d0030d9fd050,APPROVED,Not Applicable,2024-04-23T15:37:31.588000Z,2024-04-23T15:38:47.219000Z,2024-04-23T16:14:29.705000Z,2024-04-23T15:38:47.749761Z,76,35,44,22,Male,White,Portugal,Portugal,Portugal,Portuguese,Yes,Unemployed (and job seeking)
6627d5bd64c67a3baf4c94ac,660b10efc7db075424c667ee,APPROVED,Not Applicable,2024-04-23T15:37:36.446000Z,2024-04-23T15:39:14.738000Z,2024-04-23T16:13:47.237000Z,2024-04-23T15:39:15.267427Z,99,45,7,27,Female,White,United Kingdom,United Kingdom,United Kingdom,English,No,Full-Time
6627d5c69438eab5bf0181db,64b8afffbbee8463c887f50f,APPROVED,Not Applicable,2024-04-23T15:37:42.875000Z,2024-04-23T15:39:47.840000Z,2024-04-23T16:13:46.036000Z,2024-04-23T15:39:48.281115Z,125,39,67,57,Male,White,Chile,Chile,Chile,Spanish,DATA_EXPIRED,DATA_EXPIRED
6627d5c520d516144099d58e,605e671bb138e0f9e041fb65,APPROVED,Not Applicable,2024-04-23T15:37:44.687000Z,2024-04-23T15:38:27.583000Z,2024-04-23T16:13:46.674000Z,2024-04-23T15:38:28.525366Z,43,100,285,27,Male,White,Poland,Poland,Poland,Polish,DATA_EXPIRED,DATA_EXPIRED
6627d5c8309cf9ec070d8d58,63614f53882fd4f47cc8d8f5,APPROVED,Not Applicable,2024-04-23T15:37:49.730000Z,2024-04-23T15:38:52.311000Z,2024-04-23T16:13:44.749000Z,2024-04-23T15:38:53.805828Z,63,40,597,46,Female,Black,United States,United States,United States,English,DATA_EXPIRED,DATA_EXPIRED
6627d5c98782e753c0e98a33,612e6a6ce3474a839db5e767,APPROVED,Not Applicable,2024-04-23T15:37:50.113000Z,2024-04-23T15:39:09.721000Z,2024-04-23T16:14:31.458000Z,2024-04-23T15:39:10.226605Z,80,38,85,20,Female,White,Spain,Spain,Spain,Spanish,Yes,"Not in paid work (e.g. homemaker', 'retired or disabled)"
6627d5cb659364a4dcb33d60,660ec4e6e167132a706e5fd4,APPROVED,Not Applicable,2024-04-23T15:37:54.141000Z,2024-04-23T15:38:34.675000Z,2024-04-23T16:14:33.140000Z,2024-04-23T15:38:35.095977Z,41,48,5,33,Male,White,Denmark,Denmark,Denmark,Danish,No,Full-Time
6627d5b5355ac826b72a5ceb,662576831011592652c2c4bc,APPROVED,Not Applicable,2024-04-23T15:37:56.258000Z,2024-04-23T15:39:30.949000Z,2024-04-23T16:13:50.688000Z,2024-04-23T15:39:32.011267Z,95,41,0,18,Female,White,Latvia,Latvia,Latvia,Russian,Yes,Unemployed (and job seeking)
6627d5c0851231263d20ede3,65dcac04ea6f0da3f531f5ce,APPROVED,Not Applicable,2024-04-23T15:37:56.334000Z,2024-04-23T15:38:49.872000Z,2024-04-23T16:13:48.593000Z,2024-04-23T15:38:50.401435Z,54,43,42,23,Female,Mixed,Mexico,Mexico,Mexico,Spanish,No,Full-Time
6627d5c4b700bcb777e98a32,5f92ec3c26384e040f06e2db,APPROVED,Not Applicable,2024-04-23T15:38:02.890000Z,2024-04-23T15:39:04.552000Z,2024-04-23T16:13:49.622000Z,2024-04-23T15:39:05.058837Z,62,47,260,25,Female,White,Spain,Spain,Spain,Spanish,No,Full-Time
6627d5d715a07b0847740ace,653bb4bb22879f0a935901b2,APPROVED,Not Applicable,2024-04-23T15:38:06.612000Z,2024-04-23T15:39:06.960000Z,2024-04-23T16:13:50.166000Z,2024-04-23T15:39:07.621224Z,61,46,64,38,Male,White,Portugal,Portugal,Portugal,Portuguese,No,Full-Time
6627d5dffa45d3b3bffa691a,65e332101c6e23cd9e1e8a44,APPROVED,Not Applicable,2024-04-23T15:38:11.467000Z,2024-04-23T15:39:21.681000Z,2024-04-23T16:13:51.566000Z,2024-04-23T15:39:22.248139Z,71,49,26,40,Female,Black,South Africa,South Africa,South Africa,English,No,Full-Time
6627d5c6f8162735adca99ee,5fa9ea84e795e92a0b7e4968,APPROVED,Not Applicable,2024-04-23T15:38:13.642000Z,2024-04-23T15:39:17.528000Z,2024-04-23T16:13:52.305000Z,2024-04-23T15:39:18.053143Z,64,36,434,28,Male,Other,Mexico,Mexico,Mexico,Spanish,Yes,Full-Time
6627d5e6126648f936518869,60bb608a2da16013513f577e,APPROVED,Not Applicable,2024-04-23T15:38:14.465000Z,2024-04-23T15:39:12.214000Z,2024-04-23T16:15:17.463000Z,2024-04-23T15:39:12.844834Z,58,34,96,34,DATA_EXPIRED,DATA_EXPIRED,DATA_EXPIRED,Austria,DATA_EXPIRED,DATA_EXPIRED,DATA_EXPIRED,DATA_EXPIRED
6627d5e5f1ce3e4af8de0cf7,5f73444ebccd2c026fa7a5d0,APPROVED,Not Applicable,2024-04-23T15:38:16.707000Z,2024-04-23T15:39:14.996000Z,2024-04-23T16:13:53.160000Z,2024-04-23T15:39:15.622070Z,59,50,47,23,Female,Black,Portugal,Portugal,Portugal,Portuguese,Yes,DATA_EXPIRED
6627d5e1cc6b044781a1d909,5f983fad466c460c50a7889f,APPROVED,Not Applicable,2024-04-23T15:38:16.765000Z,2024-04-23T15:40:15.252000Z,2024-04-23T16:13:55.141000Z,2024-04-23T15:40:16.088772Z,119,51,265,25,Female,White,Portugal,Portugal,Portugal,Portuguese,Yes,Full-Time
6627d5e477549c867612f7fe,5c44f027044844000161d953,APPROVED,Not Applicable,2024-04-23T15:38:19.013000Z,2024-04-23T15:39:40.751000Z,2024-04-23T16:15:16.348000Z,2024-04-23T15:39:41.235309Z,82,52,408,41,Male,White,Hungary,Hungary,Hungary,Hungarian,No,Full-Time
6627d5e631133892c802697e,5f67e060c67dc442a020d8af,APPROVED,Not Applicable,2024-04-23T15:38:19.319000Z,2024-04-23T15:39:32.747000Z,2024-04-23T16:15:40.069000Z,2024-04-23T15:39:33.711150Z,74,53,96,34,Male,White,Portugal,Portugal,Portugal,Portuguese,No,Full-Time
6627d5e708069e47d9f8d0e3,6547ad7f4510d0a39294fefd,APPROVED,Not Applicable,2024-04-23T15:38:20.078000Z,2024-04-23T15:39:25.738000Z,2024-04-23T16:13:58.027000Z,2024-04-23T15:39:26.517898Z,66,53,46,62,Male,White,South Africa,South Africa,South Africa,English,No,DATA_EXPIRED
6627d5e98fa3e7b7ec4c94a7,5ffc7d87e9d7980792e1d8b8,APPROVED,Not Applicable,2024-04-23T15:38:20.556000Z,2024-04-23T15:39:56.092000Z,2024-04-23T16:13:57.187000Z,2024-04-23T15:39:56.607755Z,96,54,31,32,Female,White,Portugal,Portugal,Portugal,Portuguese,No,Unemployed (and job seeking)
6627d5f41a228a32331f1d98,5c7017ac1e20530001e7ce63,APPROVED,Not Applicable,2024-04-23T15:38:30.476000Z,2024-04-23T15:39:16.268000Z,2024-04-23T16:14:36.731000Z,2024-04-23T15:39:16.908981Z,46,55,283,28,Male,White,Portugal,Portugal,Portugal,Portuguese,No,Full-Time
6627d5f3acdade48a414e559,616417e0bbf6f3d79b4116bb,APPROVED,Not Applicable,2024-04-23T15:38:30.932000Z,2024-04-23T15:39:03.915000Z,2024-04-23T16:13:59.205000Z,2024-04-23T15:39:04.490009Z,33,56,297,24,Male,White,Poland,Poland,Poland,Polish,Yes,Unemployed (and job seeking)
6627d5dc77549c867612f7fa,5f29a54ccd7baa0f974a42e3,APPROVED,Not Applicable,2024-04-23T15:38:37.981000Z,2024-04-23T15:39:55.133000Z,2024-04-23T16:14:34.376000Z,2024-04-23T15:39:56.166632Z,78,57,136,34,Male,Mixed,Mexico,Mexico,Mexico,Spanish,No,Full-Time
6627d602d917151ef85ccfb4,60c86505e26bc5e0e2e725eb,APPROVED,Not Applicable,2024-04-23T15:38:45.715000Z,2024-04-23T15:39:25.985000Z,2024-04-23T16:14:34.975000Z,2024-04-23T15:39:26.614783Z,41,58,113,28,Female,White,Portugal,Portugal,Portugal,Portuguese,No,Full-Time
6627d5ff1c01b43d88405279,603e66c867d4bcef6f7af649,APPROVED,Not Applicable,2024-04-23T15:38:49.782000Z,2024-04-23T15:40:28.329000Z,2024-04-23T16:14:00.300000Z,2024-04-23T15:40:28.818407Z,99,59,284,24,Female,White,Portugal,Portugal,Portugal,Portuguese,DATA_EXPIRED,DATA_EXPIRED
6627d607daa23375cbe3e6eb,5ce686eb185715001508c6cb,APPROVED,Not Applicable,2024-04-23T15:38:51.445000Z,2024-04-23T15:39:47.748000Z,2024-04-23T16:15:18.840000Z,2024-04-23T15:39:48.236669Z,57,60,899,37,Female,White,United Kingdom,United Kingdom,United Kingdom,English,Yes,Full-Time
6627d606f04b249f94112c0e,661fdfd33dfe00cbf53aca75,APPROVED,Not Applicable,2024-04-23T15:38:54.835000Z,2024-04-23T15:40:02.273000Z,2024-04-23T16:14:35.804000Z,2024-04-23T15:40:02.774713Z,68,61,2,32,Female,White,Iceland,Iceland,Iceland,Icelandic,No,Full-Time
6627d60fcc5c1584bffd9997,64b2a3437bd5a7cc14d73735,APPROVED,Not Applicable,2024-04-23T15:38:55.512000Z,2024-04-23T15:39:46.867000Z,2024-04-23T16:14:38.808000Z,2024-04-23T15:39:48.586622Z,52,62,90,22,Prefer not to say,White,Greece,Greece,Greece,Greek,Yes,Other
6627d602d248ba34be63456f,656f55d347936d01fbec6dfb,APPROVED,Not Applicable,2024-04-23T15:38:55.678000Z,2024-04-23T15:40:22.078000Z,2024-04-23T16:14:38.027000Z,2024-04-23T15:40:22.860098Z,87,63,17,18,Male,White,Ukraine,Latvia,Ukraine,Ukrainian,Yes,Unemployed (and job seeking)
6627d60c5339117911a784a2,60d64a858ac8cd7015ae3492,APPROVED,Not Applicable,2024-04-23T15:38:58.615000Z,2024-04-23T15:40:05.502000Z,2024-04-23T16:14:39.649000Z,2024-04-23T15:40:06.102967Z,67,64,321,25,Male,White,Czech Republic,Czech Republic,Czech Republic,Czech,Yes,Other
6627d612024036002f2e798f,65a6abd90915ab28fec901ef,APPROVED,Not Applicable,2024-04-23T15:39:01.406000Z,2024-04-23T15:40:47.229000Z,2024-04-23T16:14:40.887000Z,2024-04-23T15:40:47.658458Z,106,65,53,43,Female,White,Spain,France,Spain,Spanish,No,Full-Time
6627d60d20392b15473a0947,656ddf2ded2ef48723faba32,APPROVED,Not Applicable,2024-04-23T15:39:02.102000Z,2024-04-23T15:39:43.133000Z,2024-04-23T16:15:40.712000Z,2024-04-23T15:39:43.604031Z,42,66,54,23,Male,White,Finland,Finland,Finland,Finnish,Yes,Other
6627d61024e5fbfacf71efef,655f66249277ff9f1250188c,APPROVED,Not Applicable,2024-04-23T15:39:02.995000Z,2024-04-23T15:39:37.295000Z,2024-04-23T16:15:21.308000Z,2024-04-23T15:39:37.723719Z,35,67,63,23,Female,White,Poland,Poland,Poland,Polish,Yes,Part-Time
6627d61431133892c8026985,5c74f0d525c76b0010706736,APPROVED,Not Applicable,2024-04-23T15:39:03.971000Z,2024-04-23T15:40:17.669000Z,2024-04-23T16:14:06.860000Z,2024-04-23T15:40:18.143955Z,74,70,531,26,Male,White,Estonia,Estonia,Estonia,Estonian,No,Full-Time
6627d613cc5bdf1573c83344,6160ba8aa3c67e4797bf18ef,APPROVED,Not Applicable,2024-04-23T15:39:04.542000Z,2024-04-23T15:40:15.468000Z,2024-04-23T16:14:05.102000Z,2024-04-23T15:40:16.169078Z,71,69,252,27,Female,White,Mexico,Mexico,Mexico,Spanish,No,Full-Time
6627d6155b75796fe33eaa12,657c74965bdb3c4cddb565ce,APPROVED,Not Applicable,2024-04-23T15:39:06.528000Z,2024-04-23T15:40:26.985000Z,2024-04-23T16:15:20.244000Z,2024-04-23T15:40:27.692055Z,81,68,30,27,Male,Mixed,Mexico,Mexico,Mexico,Spanish,No,Full-Time
6627d616cc5c1584bffd9999,6110db82f71fb953b12ea220,APPROVED,Not Applicable,2024-04-23T15:39:07.193000Z,2024-04-23T15:39:42.999000Z,2024-04-23T16:14:02.883000Z,2024-04-23T15:39:43.549437Z,36,71,92,23,Female,White,Italy,Italy,Italy,Italian,DATA_EXPIRED,Other
6627d5d247e99ccffd71eff2,611c035fcf63d265705f5c3f,APPROVED,Not Applicable,2024-04-23T15:39:11.164000Z,2024-04-23T15:39:47.644000Z,2024-04-23T16:14:03.838000Z,2024-04-23T15:39:48.843412Z,37,72,268,21,Male,White,Portugal,Portugal,Portugal,Portuguese,DATA_EXPIRED,DATA_EXPIRED
6627d61ca9106137eb5769a6,5dffce693f2915c096e0d1bd,APPROVED,Not Applicable,2024-04-23T15:39:12.088000Z,2024-04-23T15:40:23.579000Z,2024-04-23T16:14:01.563000Z,2024-04-23T15:40:24.048498Z,72,73,187,30,Female,Mixed,Mexico,Mexico,Mexico,Spanish,No,Full-Time
6627d6249664935c4b7f0762,5d403ca7738a5b001995f974,APPROVED,Not Applicable,2024-04-23T15:39:16.214000Z,2024-04-23T15:43:07.779000Z,2024-04-23T16:14:42.666000Z,2024-04-23T15:43:08.334434Z,232,74,1162,39,Male,White,New Zealand,New Zealand,New Zealand,English,No,Unemployed (and job seeking)
6627d6241e8db60e45ab7c9e,60515183a9852fa5f9d4977e,APPROVED,Not Applicable,2024-04-23T15:39:19.272000Z,2024-04-23T15:41:11.698000Z,2024-04-23T16:14:41.836000Z,2024-04-23T15:41:12.489066Z,113,75,120,24,Male,White,Portugal,Portugal,Portugal,Portuguese,Yes,Full-Time
6627d60a4aa1c7845b3ea9fc,5d38458be8f012001584ff5d,APPROVED,Not Applicable,2024-04-23T15:39:23.016000Z,2024-04-23T15:42:29.592000Z,2024-04-23T16:14:46.384000Z,2024-04-23T15:42:30.158623Z,187,76,292,28,Female,White,Portugal,Portugal,Portugal,Portuguese,No,Full-Time
6627d62befa6c569a736db02,5f452661c5a1b50a817ab094,APPROVED,Not Applicable,2024-04-23T15:39:23.694000Z,2024-04-23T15:39:46.784000Z,2024-04-23T16:15:19.641000Z,2024-04-23T15:39:47.320111Z,24,80,490,24,Male,White,Hungary,Hungary,Hungary,Hungarian,Yes,Other
6627d6287559289ed98f9e3f,60fced8dc349819a0afe6051,APPROVED,Not Applicable,2024-04-23T15:39:25.220000Z,2024-04-23T15:39:56.740000Z,2024-04-23T16:14:43.637000Z,2024-04-23T15:39:57.194088Z,32,77,269,29,Female,White,Luxembourg,Spain,Portugal,Portuguese,No,Full-Time
6627d625b121a86a5fa6c0ab,5d6dc0e5c8ee420001d15166,APPROVED,Not Applicable,2024-04-23T15:39:29.156000Z,2024-04-23T15:40:42.146000Z,2024-04-23T16:14:45.403000Z,2024-04-23T15:40:43.063231Z,73,79,244,44,Male,Asian,Canada,Canada,Canada,Japanese,No,Full-Time
6627d5d30d8e36fe2147d926,5ffa3ca8a1f5f24038661d33,APPROVED,Not Applicable,2024-04-23T15:39:29.589000Z,2024-04-23T16:16:00.193000Z,2024-04-23T16:16:00.437000Z,,2191,81,273,21,Female,White,Portugal,Portugal,Portugal,Portuguese,Yes,Other
6627d62d279ce80d485412c5,5e39cf6d0331aa07667a58ae,APPROVED,Not Applicable,2024-04-23T15:39:29.850000Z,2024-04-23T15:40:13.620000Z,2024-04-23T16:15:42.927000Z,2024-04-23T15:40:14.094063Z,44,78,351,25,Female,Black,Zimbabwe,South Africa,DATA_EXPIRED,English,DATA_EXPIRED,DATA_EXPIRED
6627d62ebc02d244d3417da0,6137d45d71fa7f89d4194272,APPROVED,Not Applicable,2024-04-23T15:39:29.920000Z,2024-04-23T15:41:17.692000Z,2024-04-23T16:14:47.560000Z,2024-04-23T15:41:18.440302Z,108,82,93,21,Female,Mixed,Mexico,Mexico,Mexico,Spanish,Yes,Part-Time
6627d629901d500eaea08e0a,661fe4cd9256016117644fff,APPROVED,Not Applicable,2024-04-23T15:39:34.248000Z,2024-04-23T15:41:03.362000Z,2024-04-23T16:15:22.867000Z,2024-04-23T15:41:03.894787Z,90,83,1,26,Male,White,Netherlands,Netherlands,Netherlands,Dutch,No,Full-Time
6627d62d14f2309f06fd99b9,65f38f929d39bd794c5b38c2,APPROVED,Not Applicable,2024-04-23T15:39:34.295000Z,2024-04-23T15:42:34.049000Z,2024-04-23T16:14:49.295000Z,2024-04-23T15:42:34.566263Z,180,84,7,40,Male,Mixed,Mexico,Mexico,Mexico,Spanish,No,Full-Time
6627d6352fff88e84b684ef0,612f4efe7a2e36e60e3254a7,APPROVED,Not Applicable,2024-04-23T15:39:36.966000Z,2024-04-23T15:40:38.218000Z,2024-04-23T16:14:48.167000Z,2024-04-23T15:40:39.315836Z,62,99,712,32,Female,White,United Kingdom,United Kingdom,United Kingdom,English,No,"Not in paid work (e.g. homemaker', 'retired or disabled)"
6627d6398f4175bc4c148180,5fc27df5c1a18710354404bc,APPROVED,Not Applicable,2024-04-23T15:39:37.726000Z,2024-04-23T15:40:20.464000Z,2024-04-23T16:15:25.471000Z,2024-04-23T15:40:21.101752Z,43,85,232,26,Male,White,Poland,Poland,Poland,Polish,No,Due to start a new job within the next month
6627d637c1f1c476eab5aeff,5dcf055ff290e70579808e50,APPROVED,Not Applicable,2024-04-23T15:39:38.023000Z,2024-04-23T15:40:47.331000Z,2024-04-23T16:14:48.693000Z,2024-04-23T15:40:47.887185Z,70,86,237,23,Male,White,Czech Republic,Czech Republic,Czech Republic,Czech,Yes,Unemployed (and job seeking)
6627d634f327f38e94964737,5fe09574e44df49ab248939f,APPROVED,Not Applicable,2024-04-23T15:39:38.925000Z,2024-04-23T15:40:22.300000Z,2024-04-23T16:15:23.656000Z,2024-04-23T15:40:22.838581Z,44,87,431,30,Female,Black,France,Canada,France,English,No,Unemployed (and job seeking)
6627d62c6327c40e85b60762,608427499fc9b6c212890542,APPROVED,Not Applicable,2024-04-23T15:39:40.028000Z,2024-04-23T15:40:58.763000Z,2024-04-23T16:14:50.923000Z,2024-04-23T15:40:59.264069Z,79,88,99,25,Female,White,Portugal,Portugal,Portugal,Portuguese,No,Part-Time
6627d641198ea457ad2e7ff1,65ae7a29d35ca1ff942173f6,APPROVED,Not Applicable,2024-04-23T15:39:45.012000Z,2024-04-23T15:40:50.432000Z,2024-04-23T16:14:50.149000Z,2024-04-23T15:40:50.946518Z,66,89,7,19,Male,White,Italy,Sweden,Italy,Slovenian,Yes,Other
6627d642b884b8613fde0d17,5fba6c2d012e37a154345985,APPROVED,Not Applicable,2024-04-23T15:39:46.452000Z,2024-04-23T15:43:28.148000Z,2024-04-23T16:14:55.540000Z,2024-04-23T15:43:28.701318Z,222,91,429,27,Male,Black,South Africa,South Africa,South Africa,English,Yes,Other
6627d645b01ca9e7c599d58a,61672dbb8d62d7394a111f8d,APPROVED,Not Applicable,2024-04-23T15:39:49.782000Z,2024-04-23T15:41:28.556000Z,2024-04-23T16:14:51.669000Z,2024-04-23T15:41:29.057262Z,99,92,112,22,Male,Black,South Africa,South Africa,South Africa,English,No,Full-Time
6627d63f823866965c14e54e,5e83e235d276ef14000aebab,APPROVED,Not Applicable,2024-04-23T15:39:50.023000Z,2024-04-23T15:40:25.852000Z,2024-04-23T16:14:53.150000Z,2024-04-23T15:40:26.332611Z,36,90,797,25,Female,Asian,United States,Canada,Canada,Urdu,Yes,Full-Time
6627d643b990268021368e19,5be4663fd200510001a6cfb7,APPROVED,Not Applicable,2024-04-23T15:39:51.446000Z,2024-04-23T15:40:41.417000Z,2024-04-23T16:15:41.965000Z,2024-04-23T15:40:41.924121Z,50,94,246,30,Female,White,Portugal,Portugal,Portugal,Portuguese,No,Full-Time
6627d641b561b9ee4be3e6c3,6151cac776c9ba6b61b3351b,APPROVED,Not Applicable,2024-04-23T15:39:51.557000Z,2024-04-23T15:41:04.998000Z,2024-04-23T16:15:02.789000Z,2024-04-23T15:41:05.483382Z,74,93,350,29,Female,White,Mexico,Mexico,Mexico,Spanish,No,Full-Time
6627d644ad82bab4d22a5d09,5bc1f0157870b900012dcb8a,APPROVED,Not Applicable,2024-04-23T15:39:54.700000Z,2024-04-23T15:41:09.266000Z,2024-04-23T16:14:56.405000Z,2024-04-23T15:41:09.831327Z,75,95,391,24,Male,White,Portugal,Portugal,Portugal,Portuguese,DATA_EXPIRED,DATA_EXPIRED
6627d6460436b9a1a3eb6053,60f1d99a67bc1538a6dadc94,APPROVED,Not Applicable,2024-04-23T15:39:57.987000Z,2024-04-23T15:40:56.691000Z,2024-04-23T16:15:01.058000Z,2024-04-23T15:40:57.352580Z,59,96,496,27,Female,Black,South Africa,South Africa,South Africa,English,Yes,Full-Time
6627db1a5d40e29562f721b0,60d1b1e976a73fee93ac0e57,APPROVED,Not Applicable,2024-04-23T16:00:26.166000Z,2024-04-23T16:01:49.880000Z,2024-04-23T16:14:59.838000Z,2024-04-23T16:08:09.652721Z,84,97,579,41,Male,White,Portugal,Portugal,Portugal,Portuguese,Yes,Full-Time
6627db1922d252867af71da9,65e33587ff8f62cfcb728ec6,APPROVED,Not Applicable,2024-04-23T16:00:29.395000Z,2024-04-23T16:02:17.235000Z,2024-04-23T16:14:59.032000Z,2024-04-23T16:08:30.462949Z,108,98,38,40,Female,Black,South Africa,South Africa,South Africa,English,No,Full-Time
,,,,,,,,,,,,,,,,,,,